{
    "tid": 33,
    "action": "Dashboard2Service",
    "method": "getStrategicSiteTrendByPOCity",
    "result": [
        {
            "TCS Gurgaon": 129,
            "Regulatory Restricted": 367,
            "Mumbai": 340,
            "Belfast": 659,
            "Budapest": 298,
            "Dalian": 11,
            "Shanghai": 221,
            "Heredia": 2374,
            "Makati City": 1129,
            "TCS Chennai": 199,
            "Other": 50,
            "reconperiod": "OCT-2014",
            "Buffalo": 69,
            "Tampa": 1234,
            "Mexico City": 325
        },
        {
            "TCS Gurgaon": 114,
            "Regulatory Restricted": 377,
            "Mumbai": 284,
            "Belfast": 531,
            "Budapest": 120,
            "Dalian": 11,
            "Shanghai": 176,
            "Heredia": 2064,
            "Makati City": 162,
            "TCS Chennai": 94,
            "Other": 2,
            "reconperiod": "NOV-2014",
            "Buffalo": 12,
            "Tampa": 1003,
            "Mexico City": 196
        },
        {
            "TCS Gurgaon": 129,
            "Regulatory Restricted": 136,
            "Mumbai": 340,
            "Belfast": 634,
            "Budapest": 300,
            "Dalian": 11,
            "Shanghai": 221,
            "Heredia": 2294,
            "Makati City": 1131,
            "TCS Chennai": 199,
            "Other": 50,
            "reconperiod": "DEC-2014",
            "Buffalo": 69,
            "Tampa": 1234,
            "Mexico City": 325
        },
        {
            "TCS Gurgaon": 129,
            "Regulatory Restricted": 378,
            "Mumbai": 340,
            "Belfast": 597,
            "Budapest": 240,
            "Dalian": 11,
            "Shanghai": 221,
            "Heredia": 2388,
            "Makati City": 270,
            "TCS Chennai": 196,
            "Other": 52,
            "reconperiod": "JAN-2015",
            "Buffalo": 2,
            "Tampa": 1234,
            "Mexico City": 240
        },
        {
            "TCS Gurgaon": 129,
            "Regulatory Restricted": 378,
            "Mumbai": 340,
            "Belfast": 599,
            "Budapest": 233,
            "Dalian": 11,
            "Shanghai": 221,
            "Heredia": 2378,
            "Makati City": 1106,
            "TCS Chennai": 196,
            "Other": 52,
            "reconperiod": "FEB-2015",
            "Buffalo": 59,
            "Tampa": 280,
            "Mexico City": 299
        },
        {
            "TCS Gurgaon": 129,
            "Regulatory Restricted": 1860,
            "Mumbai": 359,
            "Belfast": 694,
            "Budapest": 342,
            "Dalian": 27,
            "Shanghai": 221,
            "Heredia": 10982,
            "Makati City": 1039,
            "TCS Chennai": 199,
            "Other": 1607,
            "reconperiod": "MAR-2015",
            "Buffalo": 106,
            "Tampa": 1306,
            "Mexico City": 343
        }
    ],
    "type": "rpc"
}